week_of_year,is_holiday,is_weekend,season,discount_percent,price_per_unit,storeid,productid,prev_week_sales,next_week_sales,prediction
41,0.0,0.0,0.3333333333333333,0.3333333333333333,0.6777862016679304,1,1,0.5639489397913213,283.7280020838187,282.66956
42,0.0,1.0,0.3333333333333333,1.0,0.5799848369977255,1,1,0.5675093938442348,298.78147280990083,294.4778
43,0.0,0.0,0.6666666666666666,0.0,0.4109173616376044,1,1,0.6025607050352766,293.0884429136366,296.81058
44,0.0,0.0,0.6666666666666666,1.0,0.265352539802881,1,1,0.589304747911175,303.8602973429004,303.01874
45,0.0,0.0,0.6666666666666666,0.3333333333333333,0.06747536012130406,1,1,0.6143865133442152,308.14433323067794,307.68805
46,0.0,0.0,0.0,0.0,0.30401819560272936,1,1,0.6243616930079925,307.63110187453,307.53848
47,0.0,0.0,0.0,1.0,0.4457922668688401,1,1,0.6231666575039094,320.53520358815905,320.734
48,0.0,1.0,0.0,1.0,0.15314632297194847,1,1,0.6532132622394929,340.3166846496918,337.4463
49,0.0,1.0,1.0,0.3333333333333333,0.4670204700530707,1,1,0.6992735270863322,342.98167540571137,342.35962
50,0.0,0.0,1.0,0.0,0.40333586050037906,1,1,0.7054788349525536,340.077345235349,338.6101
51,0.0,0.0,1.0,1.0,0.44124336618650495,1,1,0.6987162363163122,352.79443992001626,351.6849
52,0.0,0.0,0.3333333333333333,0.3333333333333333,0.09097801364670205,1,1,0.7283274038237424,359.2550970423606,350.1028
41,0.0,0.0,0.3333333333333333,0.0,0.36921910538286584,1,2,0.5848349468061133,285.1841629470088,288.96686
42,0.0,1.0,0.3333333333333333,0.3333333333333333,0.5481425322213799,1,2,0.5708999971468645,298.5806259283183,288.56976
43,0.0,0.0,0.6666666666666666,0.0,0.38589840788476126,1,2,0.6020930423496275,295.6581562713905,296.72443
44,0.0,0.0,0.6666666666666666,0.6666666666666666,0.29492039423805916,1,2,0.5952882067568716,300.3496194849762,303.84683
45,0.0,0.0,0.6666666666666666,0.3333333333333333,0.756633813495072,1,2,0.6062120621276997,299.86401001653337,300.74554
46,0.0,0.0,0.0,0.6666666666666666,0.8210765731614861,1,2,0.6050813429131459,301.7404796313499,304.457
47,0.0,0.0,0.0,0.0,0.4927975739196362,1,2,0.609450615727787,298.93229436749255,299.0473
48,0.0,1.0,0.0,0.0,0.33434420015163013,1,2,0.6029118860649314,299.7996598727031,298.4584
49,0.0,1.0,1.0,0.0,0.38817285822592873,1,2,0.60493150657589,302.67730588155433,297.73865
50,0.0,0.0,1.0,1.0,0.35936315390447304,1,2,0.6116319723747268,315.54822306071827,313.0739
51,0.0,0.0,1.0,0.0,0.41319181197877186,1,2,0.6416013084547669,310.1907908344459,310.07794
52,0.0,0.0,0.3333333333333333,0.6666666666666666,0.6770280515542079,1,2,0.629126775002317,318.0293227896557,313.14023
41,0.0,0.0,0.3333333333333333,1.0,0.25018953752843065,1,3,0.6689841430779655,337.36338908309574,338.3802
42,0.0,1.0,0.3333333333333333,1.0,0.5140257771038667,1,3,0.6923969147869157,352.81493917039813,352.6752
43,0.0,0.0,0.6666666666666666,0.0,0.36921910538286584,1,3,0.7283751353812944,352.93416190289446,344.57233
44,0.0,0.0,0.6666666666666666,0.6666666666666666,0.11523881728582264,1,3,0.7286527400064214,360.63508830565354,354.10944
45,0.0,0.0,0.6666666666666666,0.6666666666666666,0.6004548900682336,1,3,0.7465839913911757,366.79921124572667,366.45975
46,0.0,0.0,0.0,0.6666666666666666,0.22971948445792267,1,3,0.7609368669056568,373.9058568958247,363.1531
47,0.0,0.0,0.0,0.3333333333333333,0.3669446550416984,1,3,0.7774843630106218,376.21746592475307,379.669
48,0.0,1.0,0.0,1.0,0.568612585291888,1,3,0.78286683784977,392.8995189945628,386.14334
49,0.0,1.0,1.0,0.6666666666666666,0.5489006823351024,1,3,0.8217102277958677,406.652996820568,382.24002
50,0.0,0.0,1.0,0.3333333333333333,0.38665655799848375,1,3,0.8537345655722143,404.0646100964109,377.70798
51,0.0,0.0,1.0,0.0,0.417740712661107,1,3,0.8477076266554636,402.1869630052686,379.99164
52,0.0,0.0,0.3333333333333333,0.3333333333333333,0.18271417740712664,1,3,0.8433356121415913,406.52214965692684,380.3836
41,0.0,0.0,0.3333333333333333,0.3333333333333333,0.28506444275966647,1,4,0.7529131848612425,363.76463410525224,360.31744
42,0.0,1.0,0.3333333333333333,0.3333333333333333,0.5481425322213799,1,4,0.7538709942162645,371.86490425040387,366.02725
43,0.0,0.0,0.6666666666666666,0.6666666666666666,0.28430629264594387,1,4,0.7727320990575073,379.68323478465464,378.91125
44,0.0,0.0,0.6666666666666666,1.0,0.4533737680060652,1,4,0.7909367205389596,391.3072955855882,382.59888
45,0.0,0.0,0.6666666666666666,0.0,0.49734647460197123,1,4,0.8180028091407842,386.64883199825283,382.1214
46,0.0,0.0,0.0,1.0,0.38741470811220624,1,4,0.8071557918752631,396.5197239600056,380.97092
47,0.0,0.0,0.0,0.3333333333333333,0.5868081880212282,1,4,0.8301397078226386,396.49703725189016,385.50134
48,0.0,1.0,0.0,0.3333333333333333,0.7194844579226688,1,4,0.8300868828708036,401.0119651727774,386.2804
49,0.0,1.0,1.0,0.3333333333333333,0.6012130401819561,1,4,0.8405996839676262,407.43503883561345,381.95184
50,0.0,0.0,1.0,0.6666666666666666,0.32297194844579236,1,4,0.8555555142778396,415.17600373924853,378.74036
51,0.0,0.0,1.0,0.3333333333333333,0.2926459438968916,1,4,0.8735799934623063,414.5598205624732,378.53625
52,0.0,0.0,0.3333333333333333,1.0,0.3555724033358606,1,4,0.8721452393997488,424.1683131432778,380.72043
41,0.0,0.0,0.3333333333333333,0.6666666666666666,0.3373768006065201,1,5,0.43887975348816655,235.20974301029537,235.90967
42,0.0,1.0,0.3333333333333333,0.6666666666666666,0.46777862016679317,1,5,0.45453686889109646,248.3275334419936,245.08675
43,0.0,0.0,0.6666666666666666,0.3333333333333333,0.49734647460197123,1,5,0.48508103793535995,250.71597461459427,251.8956
44,0.0,0.0,0.6666666666666666,0.3333333333333333,0.5959059893858984,1,5,0.49064241287179045,254.2377645366936,251.90765
45,0.0,0.0,0.6666666666666666,0.6666666666666666,0.6990144048521608,1,5,0.4988427380164161,261.1358334967874,260.0349
46,0.0,0.0,0.0,0.6666666666666666,0.4086429112964367,1,5,0.5149045729339005,268.8998914709355,268.6376
47,0.0,0.0,0.0,0.0,0.4291129643669448,1,5,0.5329828232662729,264.10436403937086,266.50797
48,0.0,1.0,0.0,0.0,0.31539044730856713,1,5,0.5218166591711243,271.6687578956808,265.6447
49,0.0,1.0,1.0,1.0,0.6163760424564064,1,5,0.5394300008285888,289.0368727907211,281.73315
50,0.0,0.0,1.0,0.6666666666666666,0.6717210007581502,1,5,0.5798708540421298,299.2375072032207,295.7375
51,0.0,0.0,1.0,0.3333333333333333,0.3525398028809704,1,5,0.6036225600536264,299.21319779659785,302.0025
52,0.0,0.0,0.3333333333333333,0.6666666666666666,0.4533737680060652,1,5,0.6035659567232775,306.9320445267393,305.8377
41,0.0,0.0,0.3333333333333333,1.0,0.49507202426080366,1,6,0.5619141729593136,291.274065490481,290.5287
42,0.0,1.0,0.3333333333333333,0.6666666666666666,0.48749052312357855,1,6,0.5850800538964693,302.50566901340477,300.63455
43,0.0,0.0,0.6666666666666666,0.0,0.8157695223654285,1,6,0.6112323238560007,292.56966055580074,298.61536
44,0.0,0.0,0.6666666666666666,0.0,0.7968157695223655,1,6,0.5880967871560902,289.6211751246283,287.5281
45,0.0,0.0,0.6666666666666666,0.6666666666666666,0.5633055344958303,1,6,0.5812313750348035,293.85183513182506,296.48254
46,0.0,0.0,0.0,0.3333333333333333,0.4730856709628506,1,6,0.5910822714263457,296.5349985425484,295.90454
47,0.0,0.0,0.0,0.0,0.637604245640637,1,6,0.5973298934795597,295.17484929147787,291.36606
48,0.0,1.0,0.0,0.3333333333333333,0.22289613343442005,1,6,0.5941628487804969,303.25657660209686,300.95996
49,0.0,1.0,1.0,0.0,0.45943896891584535,1,6,0.6129807774881161,299.14214574277185,300.9794
50,0.0,0.0,1.0,1.0,0.508718726307809,1,6,0.6034005152981912,312.9545277106629,310.16504
51,0.0,0.0,1.0,1.0,0.4548900682335103,1,6,0.6355620086478438,329.61044566265707,327.23593
52,0.0,0.0,0.3333333333333333,0.3333333333333333,0.4457922668688401,1,6,0.674344544179419,333.31963215848447,332.59912
41,0.0,0.0,0.3333333333333333,0.3333333333333333,0.373768006065201,1,7,0.8039166440197875,390.01674969950204,391.3821
42,0.0,1.0,0.3333333333333333,0.0,0.2805155420773313,1,7,0.8149978326617621,392.90971109265604,384.77222
43,0.0,0.0,0.6666666666666666,0.0,0.41319181197877186,1,7,0.8217339596254541,387.78757067863177,389.07257
44,0.0,0.0,0.6666666666666666,0.3333333333333333,0.49583017437452626,1,7,0.8098072922885254,389.67954547226407,386.066
45,0.0,0.0,0.6666666666666666,0.6666666666666666,0.38665655799848375,1,7,0.8142126681957779,398.2754091077751,389.0967
46,0.0,0.0,0.0,1.0,0.12964366944655042,1,7,0.8342277395853958,409.86566673358953,397.58093
47,0.0,0.0,0.0,0.6666666666666666,0.552691432903715,1,7,0.8612151190554922,418.7058860414005,388.61197
48,0.0,1.0,0.0,0.0,0.33282789992418504,1,7,0.8817991613400573,422.19858661079274,384.38803
49,0.0,1.0,1.0,1.0,0.26080363912054594,1,7,0.8899317532706864,437.5647265309089,394.81717
50,0.0,0.0,1.0,0.0,0.47687642153146326,1,7,0.925711100236292,433.275742271161,383.44565
51,0.0,0.0,1.0,0.0,0.5754359363153906,1,7,0.9157243985169717,427.7370886794928,383.05493
52,0.0,0.0,0.3333333333333333,0.0,0.47687642153146326,1,7,0.9028278994867132,426.7710355203644,383.56393
41,0.0,0.0,0.3333333333333333,0.6666666666666666,0.6065200909780137,1,8,0.5886774175018658,301.82837828429143,296.51947
42,0.0,1.0,0.3333333333333333,0.0,0.5261561789234269,1,8,0.6096552836806857,303.56412261215513,299.6641
43,0.0,0.0,0.6666666666666666,1.0,0.6125852918877939,1,8,0.6136968841654579,316.69214970149767,313.63538
44,0.0,0.0,0.6666666666666666,0.0,0.46929492039423815,1,8,0.644264888794164,311.3784203231126,312.67517
45,0.0,0.0,0.6666666666666666,0.3333333333333333,0.37755875663381344,1,8,0.6318921154041678,311.4514379079135,312.75638
46,0.0,0.0,0.0,1.0,0.3373768006065201,1,8,0.6320621334773314,324.05175837424935,325.84445
47,0.0,0.0,0.0,0.0,0.26004548900682345,1,8,0.6614013976117586,319.66811934755674,321.58432
48,0.0,1.0,0.0,0.3333333333333333,0.7429871114480667,1,8,0.6511942966401817,325.86980507009076,315.06757
49,0.0,1.0,1.0,0.3333333333333333,0.5231235784685367,1,8,0.6656346353584114,331.9253664666191,325.68863
50,0.0,0.0,1.0,0.0,0.7445034116755117,1,8,0.6797347303337458,328.55521792400265,327.91428
51,0.0,0.0,1.0,1.0,0.4920394238059136,1,8,0.6718874951361768,341.5124586385128,343.48373
52,0.0,0.0,0.3333333333333333,1.0,0.6292645943896892,1,8,0.7020578315805573,351.81198821539164,352.36557
41,0.0,0.0,0.3333333333333333,1.0,0.4912812736921911,1,9,0.7581334517594518,378.41629959750674,376.6615
42,0.0,1.0,0.3333333333333333,0.0,0.2357846853677028,1,9,0.7879867204817196,381.35015776271047,384.53314
43,0.0,0.0,0.6666666666666666,0.6666666666666666,0.7869598180439729,1,9,0.7948180736899042,386.8169785064001,387.709
44,0.0,0.0,0.6666666666666666,1.0,0.35860500379075055,1,9,0.807547313251961,400.2688327996498,394.66953
45,0.0,0.0,0.6666666666666666,0.0,0.5117513267626992,1,9,0.8388693345657767,395.8024057249596,382.4733
46,0.0,0.0,0.0,1.0,0.5921152388172859,1,9,0.8284694654488289,404.88146067988737,390.87994
47,0.0,0.0,0.0,0.6666666666666666,0.4927975739196362,1,9,0.8496096255046998,412.5213826848198,388.39844
48,0.0,1.0,0.0,0.3333333333333333,0.5716451857467779,1,9,0.867398830967211,417.08558895904025,387.28873
49,0.0,1.0,1.0,0.6666666666666666,0.4018195602729341,1,9,0.8780263744333578,428.49058603079027,388.86972
50,0.0,0.0,1.0,1.0,0.5640636846095528,1,9,0.9045823832614212,440.4006593424354,386.78644
51,0.0,0.0,1.0,0.3333333333333333,0.7179681576952238,1,9,0.9323144387820982,439.126968556398,387.51102
52,0.0,0.0,0.3333333333333333,0.3333333333333333,0.3199393479909022,1,9,0.9293487086249187,440.84095377440724,390.8652
41,0.0,0.0,0.3333333333333333,0.0,0.4564063684609554,1,10,0.5644740158346969,284.6378183415136,279.08585
42,0.0,1.0,0.3333333333333333,0.3333333333333333,0.5708870356330554,1,10,0.5696278589713419,287.13975580235655,286.11392
43,0.0,0.0,0.6666666666666666,0.3333333333333333,0.2524639878695982,1,10,0.5754535047719869,286.1745429519985,292.5678
44,0.0,0.0,0.6666666666666666,0.6666666666666666,0.6285064442759667,1,10,0.5732060512379076,291.507836168901,291.2999
45,0.0,0.0,0.6666666666666666,1.0,0.5564821834723276,1,10,0.5856243781221406,306.4226294151581,301.73526
46,0.0,0.0,0.0,0.6666666666666666,0.3563305534495831,1,10,0.620352785207612,315.608835701074,312.9648
47,0.0,0.0,0.0,0.0,0.30326004548900687,1,10,0.641742442187836,311.8462384515529,310.3653
48,0.0,1.0,0.0,0.0,0.31539044730856713,1,10,0.6329814083053962,317.6181302989339,310.48514
49,0.0,1.0,1.0,1.0,0.5056861258529189,1,10,0.6464209918396476,330.36533900652665,330.69327
50,0.0,0.0,1.0,0.3333333333333333,0.7263078089461715,1,10,0.6761022784583435,333.09249143815515,330.79938
51,0.0,0.0,1.0,1.0,0.2918877937831691,1,10,0.6824523269146635,343.33055523559494,344.25058
52,0.0,0.0,0.3333333333333333,0.3333333333333333,0.4480667172100077,1,10,0.706291185519944,344.3602312289206,342.171
41,0.0,0.0,0.3333333333333333,0.6666666666666666,0.17513267626990148,2,1,0.6401178521037859,328.47755201505277,319.87186
42,0.0,1.0,0.3333333333333333,0.6666666666666666,0.6034874905231237,2,1,0.6717066536549614,340.4739488166372,337.9642
43,0.0,0.0,0.6666666666666666,0.3333333333333333,0.3843821076573162,2,1,0.6996397094342509,342.0341130616511,342.31348
44,0.0,0.0,0.6666666666666666,0.0,0.38741470811220624,2,1,0.7032724798070241,340.1447210724562,338.29938
45,0.0,0.0,0.6666666666666666,0.6666666666666666,0.2373009855951479,2,1,0.6988731178405915,350.13163053891344,348.36185
46,0.0,0.0,0.0,0.3333333333333333,0.3191811978771797,2,1,0.7221271751882461,352.6667525446022,349.61423
47,0.0,0.0,0.0,1.0,0.46853677028051566,2,1,0.7280300896686054,369.1095953928317,357.58206
48,0.0,1.0,0.0,1.0,0.46626231993934797,2,1,0.7663164896640626,383.2580594746853,369.37238
49,0.0,1.0,1.0,1.0,0.4109173616376044,2,1,0.7992605346907737,400.5997261382484,383.73468
50,0.0,0.0,1.0,0.3333333333333333,0.12054586808188017,2,1,0.8396398044190955,403.0928346179991,378.2738
51,0.0,0.0,1.0,1.0,0.42380591357088715,2,1,0.8454448923451215,417.3281431807928,384.17603
52,0.0,0.0,0.3333333333333333,0.3333333333333333,0.36846095526914335,2,1,0.8785911507339235,421.8099525555849,379.64294
41,0.0,0.0,0.3333333333333333,1.0,0.25018953752843065,2,2,0.6267549682633635,319.82955570711164,321.75897
42,0.0,1.0,0.3333333333333333,0.6666666666666666,0.4541319181197877,2,2,0.6515701937458573,333.3365499490586,323.3983
43,0.0,0.0,0.6666666666666666,0.6666666666666666,0.7316148597422291,2,2,0.6830206058830264,338.50227757782943,334.84387
44,0.0,0.0,0.6666666666666666,1.0,0.4003032600454891,2,2,0.6950487640359824,350.06284321329093,351.99338
45,0.0,0.0,0.6666666666666666,0.3333333333333333,0.7247915087187263,2,2,0.7219670070781626,349.5530321137307,351.90643
46,0.0,0.0,0.0,0.0,0.40712661106899173,2,2,0.7207799354835455,344.44046798843004,341.84802
47,0.0,0.0,0.0,0.0,0.38665655799848375,2,2,0.7088755660925333,346.88686655976653,341.41934
48,0.0,1.0,0.0,0.3333333333333333,0.38817285822592873,2,2,0.7145718921545797,353.8177560616146,345.73105
49,0.0,1.0,1.0,0.3333333333333333,0.752084912812737,2,2,0.7307101481873949,362.47498535379344,366.37296
50,0.0,0.0,1.0,0.3333333333333333,0.8506444275966641,2,2,0.750868106673779,362.29126601359474,366.5161
51,0.0,0.0,1.0,0.6666666666666666,0.5883244882486733,2,2,0.7504403246770359,367.7208945809377,366.80524
52,0.0,0.0,0.3333333333333333,0.0,0.3199393479909022,2,2,0.7630829639745609,366.0866633471063,353.9116
41,0.0,0.0,0.3333333333333333,0.3333333333333333,0.14632297194844585,2,3,0.5306314532458305,271.0979829544542,270.29852
42,0.0,1.0,0.3333333333333333,0.0,0.39651250947687644,2,3,0.5381009777448744,270.4823257379368,269.70285
43,0.0,0.0,0.6666666666666666,0.3333333333333333,0.5246398786959819,2,3,0.5366674483564807,270.591687579274,269.5149
44,0.0,0.0,0.6666666666666666,1.0,0.41546626231993933,2,3,0.5369220923520673,283.8305185811339,278.83496
45,0.0,0.0,0.6666666666666666,0.0,0.7103866565579986,2,3,0.5677480987724867,280.6392542825521,278.56567
46,0.0,0.0,0.0,0.0,0.6042456406368462,2,3,0.5603173872736,276.9525798885265,278.7985
47,0.0,0.0,0.0,0.0,0.6618650492797574,2,3,0.5517331362529273,272.26725015558355,276.43
48,0.0,1.0,0.0,0.6666666666666666,0.6277482941622442,2,3,0.5408235624084399,283.65409834201694,283.49344
49,0.0,1.0,1.0,0.3333333333333333,0.45109931766489775,2,3,0.5673373123954306,287.97472794077356,286.2505
50,0.0,0.0,1.0,0.6666666666666666,0.48749052312357855,2,3,0.5773976988247773,292.0291719841388,294.28262
51,0.0,0.0,1.0,1.0,0.6626231993934799,2,3,0.5868382844848292,301.85256130348216,300.97498
52,0.0,0.0,0.3333333333333333,0.0,0.6504927975739198,2,3,0.6097115927237374,299.2120485495071,298.9449
41,0.0,0.0,0.3333333333333333,0.0,0.4670204700530707,2,4,0.7252413328301931,347.8747068438732,346.15723
42,0.0,1.0,0.3333333333333333,0.0,0.5830174374526157,2,4,0.716872032622869,346.65587485195465,342.48538
43,0.0,0.0,0.6666666666666666,0.0,0.5352539802880971,2,4,0.7140340386335949,345.19614627932964,341.65738
44,0.0,0.0,0.6666666666666666,0.3333333333333333,0.5549658832448825,2,4,0.7106351280843565,351.36592004376917,344.5157
45,0.0,0.0,0.6666666666666666,0.3333333333333333,0.4806671721000759,2,4,0.725001161282335,355.64767664898557,352.3414
46,0.0,0.0,0.0,0.0,0.3472327520849129,2,4,0.7349710337419602,351.7027332547226,353.76556
47,0.0,0.0,0.0,1.0,0.510235026535254,2,4,0.7257854152849637,364.8275943246457,357.03055
48,0.0,1.0,0.0,0.0,0.3002274450341168,2,4,0.7563460479837059,366.27971889390534,354.25998
49,0.0,1.0,1.0,0.6666666666666666,0.44958301743745266,2,4,0.7597272529623749,379.2664679883112,363.50458
50,0.0,0.0,1.0,1.0,0.45792266868840037,2,4,0.7899662983062038,392.58354856442566,382.608
51,0.0,0.0,1.0,0.0,0.3161485974222896,2,4,0.820974505245538,391.75828905158835,374.1954
52,0.0,0.0,0.3333333333333333,0.6666666666666666,0.41470811220621684,2,4,0.8190529265927355,397.9720901303759,386.14722
41,0.0,0.0,0.3333333333333333,1.0,0.5049279757391965,2,5,0.49632940374794876,260.7885240169377,263.9483
42,0.0,1.0,0.3333333333333333,0.3333333333333333,0.2554965883244883,2,5,0.5140958788540216,270.06415683530895,269.165
43,0.0,0.0,0.6666666666666666,0.6666666666666666,0.5360121304018196,2,5,0.535693761384012,279.4558412312834,274.73428
44,0.0,0.0,0.6666666666666666,0.0,0.6163760424564064,2,5,0.5575618646514522,279.10800687837985,276.67343
45,0.0,0.0,0.6666666666666666,0.3333333333333333,0.5109931766489765,2,5,0.5567519484289141,283.26222857442843,280.77402
46,0.0,0.0,0.0,0.3333333333333333,0.756633813495072,2,5,0.5664248617440133,283.20403653712566,282.9491
47,0.0,0.0,0.0,0.0,0.4746019711902958,2,5,0.5662893642733332,281.02241069406114,279.28592
48,0.0,1.0,0.0,0.0,0.40409401061410166,2,5,0.5612095492778996,282.06419108620946,282.0667
49,0.0,1.0,1.0,0.3333333333333333,0.4473085670962851,2,5,0.5636352867960022,289.62697002657865,286.13434
50,0.0,0.0,1.0,0.6666666666666666,0.1963608794541319,2,5,0.5812448681962996,296.9999954583521,298.74704
51,0.0,0.0,1.0,0.0,0.40712661106899173,2,5,0.5984126173174895,296.3907859210313,292.71338
52,0.0,0.0,0.3333333333333333,1.0,0.5754359363153906,2,5,0.5969941010522549,307.3061469415193,305.3266
41,0.0,0.0,0.3333333333333333,0.3333333333333333,0.4457922668688401,2,6,0.5953715304046459,296.3707966547174,297.14084
42,0.0,1.0,0.3333333333333333,0.6666666666666666,0.5344958301743745,2,6,0.5969475569690466,306.43770604829797,304.57257
43,0.0,0.0,0.6666666666666666,0.6666666666666666,0.5959059893858984,2,6,0.6203878904514135,312.55205377075237,311.04962
44,0.0,0.0,0.6666666666666666,0.0,0.6444275966641396,2,6,0.6346248666710341,309.4217390927476,308.83817
45,0.0,0.0,0.6666666666666666,0.0,0.4821834723275209,2,6,0.6273360735480952,306.4200165389439,305.92218
46,0.0,0.0,0.0,0.0,0.4086429112964367,2,6,0.620346701246049,300.89728258443546,303.7156
47,0.0,0.0,0.0,0.0,0.012130401819560266,2,6,0.6074872703555098,300.07698167394284,298.47678
48,0.0,1.0,0.0,0.3333333333333333,0.5034116755117514,2,6,0.6055772375792042,308.5235213993741,301.54794
49,0.0,1.0,1.0,1.0,0.3025018953752844,2,6,0.6252446151422151,326.7508866152856,325.14642
50,0.0,0.0,1.0,1.0,0.3540561031084155,2,6,0.6676861930348612,337.14168423637176,340.3823
51,0.0,0.0,1.0,0.6666666666666666,0.6307808946171343,2,6,0.6918806852929678,349.0250043141939,345.3247
52,0.0,0.0,0.3333333333333333,0.0,0.5041698256254739,2,6,0.7195504471445527,346.74491616418413,349.16232
41,0.0,0.0,0.3333333333333333,0.3333333333333333,0.5655799848369978,2,7,0.4188498497018135,219.0522908788011,223.87302
42,0.0,1.0,0.3333333333333333,1.0,0.49507202426080366,2,7,0.4169149879959413,235.05506628251314,234.09471
43,0.0,0.0,0.6666666666666666,0.6666666666666666,0.5489006823351024,2,7,0.45417671127574244,245.63027237887948,241.29045
44,0.0,0.0,0.6666666666666666,1.0,0.5716451857467779,2,7,0.4788005901497948,258.58220515355856,256.66946
45,0.0,0.0,0.6666666666666666,1.0,0.398786959818044,2,7,0.5089585673014788,270.06914551164766,270.1523
46,0.0,0.0,0.0,1.0,0.4541319181197877,2,7,0.535705377286415,278.8457678893393,279.1555
47,0.0,0.0,0.0,0.6666666666666666,0.49658832448824874,2,7,0.5561413370570556,284.85531778497,283.58807
48,0.0,1.0,0.0,1.0,0.5511751326762699,2,7,0.5701342963780498,300.6375705383924,295.83347
49,0.0,1.0,1.0,1.0,0.36846095526914335,2,7,0.6068825428536889,318.2989702438176,315.0913
50,0.0,0.0,1.0,0.3333333333333333,0.41319181197877186,2,7,0.648006296199928,319.88854005030515,316.76974
51,0.0,0.0,1.0,0.3333333333333333,0.4003032600454891,2,7,0.6517075360642034,323.8940294335868,316.76974
52,0.0,0.0,0.3333333333333333,0.6666666666666666,0.5193328278999243,2,7,0.6610341330597097,329.95985837575256,327.81485
41,0.0,0.0,0.3333333333333333,0.6666666666666666,0.44124336618650495,2,8,0.46494185398189936,248.6356674638066,245.33528
42,0.0,1.0,0.3333333333333333,1.0,0.2547384382107658,2,8,0.48579851377090943,265.91495922683157,266.3256
43,0.0,0.0,0.6666666666666666,1.0,0.38665655799848375,2,8,0.5260325464247347,276.1925199493415,277.11765
44,0.0,0.0,0.6666666666666666,0.6666666666666666,0.4836997725549659,2,8,0.5499633717954817,282.5054032448165,283.3955
45,0.0,0.0,0.6666666666666666,0.6666666666666666,0.07505686125852917,2,8,0.5646626289255359,291.4662995384095,290.69095
46,0.0,0.0,0.0,1.0,0.6065200909780137,2,8,0.5855276619968246,304.41546759280885,301.45776
47,0.0,0.0,0.0,1.0,0.3260045489006823,2,8,0.6156792016250535,317.83077772381205,319.69772
48,0.0,1.0,0.0,0.0,0.37831690674753604,2,8,0.6469161315452348,319.0961585476013,312.92606
49,0.0,1.0,1.0,1.0,0.3934799090219864,2,8,0.6498625123391979,335.23611320139804,331.99084
50,0.0,0.0,1.0,0.3333333333333333,0.7232752084912814,2,8,0.6874436511658298,341.1029304678734,329.73682
51,0.0,0.0,1.0,0.0,0.5746777862016681,2,8,0.7011042641533655,332.5721937013592,336.1752
52,0.0,0.0,0.3333333333333333,0.0,0.3388931008339652,2,8,0.6812408376696728,331.3824246496987,328.4532
41,0.0,0.0,0.3333333333333333,0.3333333333333333,0.5344958301743745,2,9,0.532687413296912,270.1818349533929,269.49338
42,0.0,1.0,0.3333333333333333,0.0,0.26838514025777105,2,9,0.5359677694458334,272.1347823908674,271.1753
43,0.0,0.0,0.6666666666666666,0.3333333333333333,0.5291887793783169,2,9,0.5405151173376428,273.9782364316066,274.76187
44,0.0,0.0,0.6666666666666666,0.0,0.6050037907505686,2,9,0.5448075149131985,272.5147351010541,271.83524
45,0.0,0.0,0.6666666666666666,0.0,0.4844579226686885,2,9,0.5413998196714082,266.5699559461263,271.90604
46,0.0,0.0,0.0,0.6666666666666666,0.3442001516300228,2,9,0.5275576760280583,272.7423869885376,274.48972
47,0.0,0.0,0.0,0.0,0.5830174374526157,2,9,0.5419298965750412,272.02498460802224,271.503
48,0.0,1.0,0.0,1.0,0.5011372251705839,2,9,0.5402594582723932,288.04067328209476,286.9092
49,0.0,1.0,1.0,0.6666666666666666,0.290371493555724,2,9,0.5775512495057006,300.4414672985946,301.667
50,0.0,0.0,1.0,0.6666666666666666,0.4571645185746779,2,9,0.6064259255188031,307.8638524780767,305.60498
51,0.0,0.0,1.0,0.3333333333333333,0.4094010614101592,2,9,0.6237086065323606,313.8451792304616,309.89865
52,0.0,0.0,0.3333333333333333,0.6666666666666666,0.2729340409401062,2,9,0.6376358495680743,323.28464406622,319.54422
41,0.0,0.0,0.3333333333333333,1.0,0.6315390447308569,2,10,0.5354134214794505,277.02422762603805,279.91364
42,0.0,1.0,0.3333333333333333,0.6666666666666666,0.5170583775587566,2,10,0.5518999646999578,283.52502623277246,288.9079
43,0.0,0.0,0.6666666666666666,0.0,0.6095526914329038,2,10,0.5670367739515372,280.93840200719086,279.80475
44,0.0,0.0,0.6666666666666666,0.6666666666666666,0.11144806671720997,2,10,0.5610139389313009,287.24704506298457,290.71716
45,0.0,0.0,0.6666666666666666,0.6666666666666666,0.3025018953752844,2,10,0.575703322859135,295.62808536809644,296.9873
46,0.0,0.0,0.0,0.0,0.7119029567854437,2,10,0.5952181880476758,290.39336231220767,291.37885
47,0.0,0.0,0.0,1.0,0.40712661106899173,2,10,0.5830293772299175,302.0521824837319,301.1427
48,0.0,1.0,0.0,0.0,0.5640636846095528,2,10,0.6101764014204544,303.5016438102701,300.35248
49,0.0,1.0,1.0,0.0,0.48673237300985606,2,10,0.6135514051614749,307.92492215678743,302.1985
50,0.0,0.0,1.0,0.3333333333333333,0.15769522365428357,2,10,0.6238508044581266,312.26289547193005,310.82468
51,0.0,0.0,1.0,0.3333333333333333,0.3623957543593632,2,10,0.6339515749298855,312.1718856505794,313.36832
52,0.0,0.0,0.3333333333333333,1.0,0.32221379833206987,2,10,0.6337396627650665,325.1757795151722,325.16077
41,0.0,0.0,0.3333333333333333,1.0,0.5504169825625475,3,1,0.704879086420282,355.23057075517676,351.62616
42,0.0,1.0,0.3333333333333333,0.0,0.31311599696739956,3,1,0.7339998219364209,357.64742485507037,355.27884
43,0.0,0.0,0.6666666666666666,0.3333333333333333,0.7187263078089462,3,1,0.7396273550615186,357.3522668604112,368.28406
44,0.0,0.0,0.6666666666666666,1.0,0.3745261561789235,3,1,0.7389400933057696,367.7141559061873,365.10965
45,0.0,0.0,0.6666666666666666,1.0,0.6269901440485217,3,1,0.7630672732816974,379.66384558707375,372.7429
46,0.0,0.0,0.0,0.3333333333333333,0.4723275208491281,3,1,0.7908915736880758,383.459399934647,386.7563
47,0.0,0.0,0.0,0.6666666666666666,0.7846853677028053,3,1,0.799729346650878,392.05696590055203,387.32733
48,0.0,1.0,0.0,0.3333333333333333,0.6451857467778621,3,1,0.8197483818381791,396.52208812916746,386.6525
49,0.0,1.0,1.0,0.3333333333333333,0.45792266868840037,3,1,0.8301452126813192,403.65684726705695,383.33026
50,0.0,0.0,1.0,0.3333333333333333,0.30477634571645196,3,1,0.8467581697439049,408.09134226873,380.18158
51,0.0,0.0,1.0,0.3333333333333333,0.3464746019711903,3,1,0.8570836865039335,412.04832072356714,380.09152
52,0.0,0.0,0.3333333333333333,0.3333333333333333,0.3464746019711903,3,1,0.8662973280435178,413.3181850658952,381.7845
41,0.0,0.0,0.3333333333333333,1.0,0.5655799848369978,3,2,0.809607346698186,397.7150686172776,387.08008
42,0.0,1.0,0.3333333333333333,1.0,0.37831690674753604,3,2,0.8329230126381849,412.8050171709264,381.87418
43,0.0,0.0,0.6666666666666666,0.0,0.5140257771038667,3,2,0.8680592607656236,409.78056970677034,380.64484
44,0.0,0.0,0.6666666666666666,1.0,0.4162244124336618,3,2,0.8610169745595984,420.26584057502424,385.34714
45,0.0,0.0,0.6666666666666666,0.0,0.43896891584533737,3,2,0.885431443409546,415.89568388194374,374.21146
46,0.0,0.0,0.0,0.3333333333333333,0.288855193328279,3,2,0.875255735428969,418.0099909825606,381.98428
47,0.0,0.0,0.0,0.6666666666666666,0.20773313115996972,3,2,0.8801788018424006,425.5861704751975,382.45984
48,0.0,1.0,0.0,0.3333333333333333,0.4533737680060652,3,2,0.8978195858096152,430.110135638467,384.90695
49,0.0,1.0,1.0,1.0,0.46095526914329044,3,2,0.9083534297078496,447.10501867463915,385.34488
50,0.0,0.0,1.0,1.0,0.4078847611827142,3,2,0.947925229779451,458.38291940186514,379.4598
51,0.0,0.0,1.0,1.0,0.3161485974222896,3,2,0.974185300640502,469.4695466322362,380.14618
52,0.0,0.0,0.3333333333333333,1.0,0.4018195602729341,3,2,1.0,483.9204153150344,382.04288
41,0.0,0.0,0.3333333333333333,1.0,0.41319181197877186,3,3,0.5741576312817114,302.85983178581773,296.8241
42,0.0,1.0,0.3333333333333333,1.0,0.3714935557240333,3,3,0.6120569755110253,319.25352369627973,316.65765
43,0.0,0.0,0.6666666666666666,1.0,0.5799848369977255,3,3,0.6502289298184172,329.9110404706031,326.04147
44,0.0,0.0,0.6666666666666666,0.0,0.4268385140257771,3,3,0.6750444653037531,327.6566982794091,328.771
45,0.0,0.0,0.6666666666666666,0.6666666666666666,0.3525398028809704,3,3,0.6697953336508295,336.5083476600743,332.63885
46,0.0,0.0,0.0,1.0,0.5079605761940865,3,3,0.6904059903320239,346.5713611922991,351.46265
47,0.0,0.0,0.0,1.0,0.5041698256254739,3,3,0.713837252481193,359.4072902415926,353.12607
48,0.0,1.0,0.0,0.6666666666666666,0.4018195602729341,3,3,0.7437251203171055,373.19158867531775,363.49826
49,0.0,1.0,1.0,0.6666666666666666,0.7596664139499621,3,3,0.775821222454771,384.7738971022595,385.21158
50,0.0,0.0,1.0,0.0,0.5845337376800607,3,3,0.8027900925825054,379.084348793129,380.8297
51,0.0,0.0,1.0,0.0,0.2524639878695982,3,3,0.7895422421732129,374.8306831587795,375.67432
52,0.0,0.0,0.3333333333333333,0.0,0.48521607278241097,3,3,0.7796377782415899,374.3624267225055,381.55435
41,0.0,0.0,0.3333333333333333,0.0,0.2554965883244883,3,4,0.5462014637748852,273.7322812384243,273.6468
42,0.0,1.0,0.3333333333333333,0.6666666666666666,0.5678544351781653,3,4,0.5442348196077665,284.95702534861636,284.15277
43,0.0,0.0,0.6666666666666666,0.6666666666666666,0.4556482183472328,3,4,0.5703711177416224,294.6656186437007,287.83862
44,0.0,0.0,0.6666666666666666,0.0,0.39575435936315395,3,4,0.5929771287410426,292.79985464020467,291.6008
45,0.0,0.0,0.6666666666666666,0.0,0.30629264594389694,3,4,0.5886327834478157,289.17451445019327,290.0209
46,0.0,0.0,0.0,0.0,0.40333586050037906,3,4,0.5801913462878584,288.5197516622128,286.98022
47,0.0,0.0,0.0,0.0,0.4018195602729341,3,4,0.5786667613827937,286.89323326203464,286.98022
48,0.0,1.0,0.0,0.6666666666666666,0.5049279757391965,3,4,0.5748794884249488,295.5929590364393,299.57056
49,0.0,1.0,1.0,0.0,0.35026535253980295,3,4,0.5951363980070721,292.594300979811,293.7914
50,0.0,0.0,1.0,0.0,0.38893100833965133,3,4,0.5881541612451344,290.3666972554341,288.81442
51,0.0,0.0,1.0,0.6666666666666666,0.3927217589082639,3,4,0.5829672888770117,297.74157927884573,297.4519
52,0.0,0.0,0.3333333333333333,0.0,0.30401819560272936,3,4,0.6001393609860661,293.7536374531472,294.0265
41,0.0,0.0,0.3333333333333333,0.3333333333333333,0.30326004548900687,3,5,0.6379272811377263,315.0061703506673,315.07462
42,0.0,1.0,0.3333333333333333,0.3333333333333333,0.20773313115996972,3,5,0.6403391637595223,325.0340468055737,315.69635
43,0.0,0.0,0.6666666666666666,0.6666666666666666,0.8385140257771039,3,5,0.663688610847312,333.1766731898449,329.06958
44,0.0,0.0,0.6666666666666666,1.0,0.4336618650492797,3,5,0.6826483402346994,346.88081378462704,343.08337
45,0.0,0.0,0.6666666666666666,0.3333333333333333,0.29416224412433667,3,5,0.7145577985472752,348.9589987214155,347.01556
46,0.0,0.0,0.0,0.6666666666666666,0.3623957543593632,3,5,0.7193967561708947,354.96065099306344,354.94876
47,0.0,0.0,0.0,0.0,0.25170583775587574,3,5,0.7333713262392756,354.53931252418465,360.18954
48,0.0,1.0,0.0,0.6666666666666666,0.5724033358605004,3,5,0.7323902590782095,363.5842441453372,370.75336
49,0.0,1.0,1.0,0.0,0.5253980288097044,3,5,0.7534509645277112,365.404336804886,362.25037
50,0.0,0.0,1.0,0.0,0.31235784685367707,3,5,0.7576889662063433,359.7657851739641,359.90912
51,0.0,0.0,1.0,0.3333333333333333,0.24867323730098567,3,5,0.7445598592064696,363.18386077548837,368.27875
52,0.0,0.0,0.3333333333333333,0.0,0.5625473843821078,3,5,0.7525186903467163,361.2464986472357,363.05392
41,0.0,0.0,0.3333333333333333,0.0,0.6497346474601972,3,6,0.8537028233932249,405.80103533276025,383.92337
42,0.0,1.0,0.3333333333333333,0.3333333333333333,0.3843821076573162,3,6,0.85175081260419,411.9978500813857,391.2805
43,0.0,0.0,0.6666666666666666,1.0,0.6467020470053071,3,6,0.8661798094846881,420.8076622581566,391.31488
44,0.0,0.0,0.6666666666666666,0.3333333333333333,0.4571645185746779,3,6,0.8866930501692829,416.4830393060763,386.60376
45,0.0,0.0,0.6666666666666666,0.0,0.4374526156178924,3,6,0.8766233654011949,411.8661171251689,382.60385
46,0.0,0.0,0.0,1.0,0.3169067475360122,3,6,0.8658730753815373,422.34629776026264,398.49313
47,0.0,0.0,0.0,0.6666666666666666,0.2729340409401062,3,6,0.8902756918587148,428.6105853682509,392.33698
48,0.0,1.0,0.0,0.3333333333333333,0.4890068233510235,3,6,0.9048617961753324,436.38425393423444,388.70523
49,0.0,1.0,1.0,0.6666666666666666,0.14404852160727827,3,6,0.9229624243268327,450.4271652252403,389.45862
50,0.0,0.0,1.0,0.0,0.40409401061410166,3,6,0.955660694556063,442.87242857138654,383.39777
51,0.0,0.0,1.0,1.0,0.4655041698256255,3,6,0.9380698392484036,455.43991237687925,389.85196
52,0.0,0.0,0.3333333333333333,0.0,0.4564063684609554,3,6,0.9673326447349461,454.4485494090079,382.74393
41,0.0,0.0,0.3333333333333333,0.6666666666666666,0.6520090978013647,3,7,0.6418966495879453,322.5893570527072,316.32645
42,0.0,1.0,0.3333333333333333,0.3333333333333333,0.6262319939347992,3,7,0.6579962636901341,326.66633877186575,321.83377
43,0.0,0.0,0.6666666666666666,1.0,0.5443517816527673,3,7,0.6674893272871433,339.51185948626306,338.74664
44,0.0,0.0,0.6666666666666666,0.0,0.5602729340409401,3,7,0.6973995288721633,334.1200494436836,337.08
45,0.0,0.0,0.6666666666666666,0.6666666666666666,0.5549658832448825,3,7,0.6848449482625245,339.15698874495115,337.24875
46,0.0,0.0,0.0,1.0,0.44882486732373017,3,7,0.696573228744262,354.055506695081,354.11783
47,0.0,0.0,0.0,0.3333333333333333,0.5731614859742229,3,7,0.7312637395545379,355.89986250240497,370.1768
48,0.0,1.0,0.0,0.0,0.5504169825625475,3,7,0.7355582368519291,359.14464760037066,363.81064
49,0.0,1.0,1.0,0.6666666666666666,0.3805913570887036,3,7,0.7431135690597893,372.1872140565655,374.81448
50,0.0,0.0,1.0,0.3333333333333333,0.6504927975739198,3,7,0.7734825825520626,370.27240693304975,387.94473
51,0.0,0.0,1.0,0.6666666666666666,0.38665655799848375,3,7,0.7690240426194153,377.30835608618804,374.80606
52,0.0,0.0,0.3333333333333333,0.6666666666666666,0.4435178165276725,3,7,0.7854069251970321,381.7022970870355,391.84045
41,0.0,0.0,0.3333333333333333,0.6666666666666666,0.36921910538286584,3,8,0.6609444625759167,331.4620643651668,329.44116
42,0.0,1.0,0.3333333333333333,1.0,0.32373009855951485,3,8,0.678655952792741,351.2993970949687,347.2884
43,0.0,0.0,0.6666666666666666,0.3333333333333333,0.20773313115996972,3,8,0.7248462656690788,358.1039486297908,355.52625
44,0.0,0.0,0.6666666666666666,0.0,0.6777862016679304,3,8,0.7406903495818528,351.9444665728046,366.6853
45,0.0,0.0,0.6666666666666666,0.6666666666666666,0.5815011372251707,3,8,0.726348280149254,361.82043665674075,355.8454
46,0.0,0.0,0.0,0.0,0.6967399545109932,3,8,0.7493440202695498,361.63884134381624,366.06754
47,0.0,0.0,0.0,0.0,0.3025018953752844,3,8,0.7489211839721952,360.4474833548688,365.40585
48,0.0,1.0,0.0,0.6666666666666666,0.25852918877937836,3,8,0.7461471619296786,372.9618800925472,376.02972
49,0.0,1.0,1.0,0.6666666666666666,0.38893100833965133,3,8,0.775286356631171,385.71510148870937,389.20474
50,0.0,0.0,1.0,0.6666666666666666,0.5200909780136468,3,8,0.8049816435174447,395.41910436497204,383.76404
51,0.0,0.0,1.0,0.3333333333333333,0.6497346474601972,3,8,0.827576965938693,395.06837327490456,387.5007
52,0.0,0.0,0.3333333333333333,0.0,0.5693707354056105,3,8,0.8267603047974833,393.3315054276493,382.1095
41,0.0,0.0,0.3333333333333333,0.6666666666666666,0.3472327520849129,3,9,0.4804955837318907,251.6161276038028,251.20992
42,0.0,1.0,0.3333333333333333,1.0,0.9128127369219107,3,9,0.49273837752462146,264.03839896827554,262.87082
43,0.0,0.0,0.6666666666666666,0.0,0.3843821076573162,3,9,0.5216630625503333,262.2238237171896,260.74194
44,0.0,0.0,0.6666666666666666,1.0,0.4101592115238818,3,9,0.5174379079024305,274.1571169937366,273.25287
45,0.0,0.0,0.6666666666666666,0.3333333333333333,0.49431387414708117,3,9,0.5452240300387359,280.4861790725311,274.96094
46,0.0,0.0,0.0,0.6666666666666666,0.4109173616376044,3,9,0.559960958718371,287.37138643584154,288.11118
47,0.0,0.0,0.0,0.6666666666666666,0.45034116755117526,3,9,0.5759928460018863,295.1306947086658,294.78906
48,0.0,1.0,0.0,1.0,0.4101592115238818,3,9,0.5940600368741387,312.7519337188428,309.31284
49,0.0,1.0,1.0,0.3333333333333333,0.6262319939347992,3,9,0.6350902778967144,319.8785644788997,312.0087
50,0.0,0.0,1.0,1.0,0.6618650492797574,3,9,0.6516843084070071,334.09289180740603,327.55414
51,0.0,0.0,1.0,0.6666666666666666,0.43896891584533737,3,9,0.6847817129609983,344.82892422873005,338.29904
52,0.0,0.0,0.3333333333333333,0.3333333333333333,0.5519332827899925,3,9,0.7097800685033472,348.4616641042696,347.08023
41,0.0,0.0,0.3333333333333333,1.0,0.48749052312357855,3,10,0.654012340632264,330.57657386332596,336.35156
42,0.0,1.0,0.3333333333333333,0.6666666666666666,0.5056861258529189,3,10,0.6765941290644126,338.7839863206175,339.82758
43,0.0,0.0,0.6666666666666666,0.6666666666666666,0.37604245640636846,3,10,0.6957047098300372,343.6615951120306,347.91895
44,0.0,0.0,0.6666666666666666,0.0,0.155420773313116,3,10,0.707061996579847,341.73445572644886,343.9223
45,0.0,0.0,0.6666666666666666,0.3333333333333333,0.4010614101592116,3,10,0.7025747415446675,345.93772290759364,342.38574
46,0.0,0.0,0.0,0.3333333333333333,0.3100833965125095,3,10,0.7123618550061585,346.453715465602,347.8425
47,0.0,0.0,0.0,0.3333333333333333,0.6080363912054588,3,10,0.7135633198412198,348.8264962982577,346.99707
48,0.0,1.0,0.0,1.0,0.5178165276724793,3,10,0.7190882303995174,362.8669989260093,365.65363
49,0.0,1.0,1.0,0.6666666666666666,0.4564063684609554,3,10,0.7517808921676281,371.33942119370806,371.53653
50,0.0,0.0,1.0,0.0,0.43896891584533737,3,10,0.7715085360346655,368.90312485225513,382.69263
51,0.0,0.0,1.0,0.0,0.2456406368460956,3,10,0.7658357325482308,366.6144870946306,365.11475
52,0.0,0.0,0.3333333333333333,1.0,0.4450341167551176,3,10,0.7605067452531563,379.13767380077894,382.01093
41,0.0,0.0,0.3333333333333333,1.0,0.5830174374526157,4,1,0.5208323830490476,273.56923698225074,274.11563
42,0.0,1.0,0.3333333333333333,1.0,0.7664897649734649,4,1,0.5438551785890909,288.13876630319487,286.09686
43,0.0,0.0,0.6666666666666666,0.3333333333333333,0.46019711902956784,4,1,0.577779654573928,291.25034812222924,291.30692
44,0.0,0.0,0.6666666666666666,0.0,0.1956027293404094,4,1,0.5850248291001182,290.30247484075187,289.4693
45,0.0,0.0,0.6666666666666666,1.0,0.38817285822592873,4,1,0.5828177499511767,304.7602150175039,299.9361
46,0.0,0.0,0.0,0.6666666666666666,0.5466262319939349,4,1,0.6164819300778588,312.35892875048074,311.3408
47,0.0,0.0,0.0,1.0,0.6815769522365429,4,1,0.6341751839827363,324.94302695507633,323.62634
48,0.0,1.0,0.0,1.0,0.41394996209249435,4,1,0.6634766753300881,341.0818100396142,339.90292
49,0.0,1.0,1.0,0.3333333333333333,0.38589840788476126,4,1,0.7010550862118214,351.2947868225669,343.15753
50,0.0,0.0,1.0,0.0,0.8127369219105384,4,1,0.7248355308627626,345.5821733575365,348.27075
51,0.0,0.0,1.0,1.0,0.5587566338134952,4,1,0.7115339743034514,355.75763308564126,352.72385
52,0.0,0.0,0.3333333333333333,0.6666666666666666,0.5049279757391965,4,1,0.7352270622252786,360.77573403151115,368.17612
41,0.0,0.0,0.3333333333333333,0.3333333333333333,0.23805913570887038,4,2,0.6046001866441565,297.303432316653,303.39883
42,0.0,1.0,0.3333333333333333,0.3333333333333333,0.39575435936315395,4,2,0.5991191560247865,304.8640859687955,299.32962
43,0.0,0.0,0.6666666666666666,0.6666666666666666,0.579226686884003,4,2,0.6167237887896256,310.3612422141288,311.18143
44,0.0,0.0,0.6666666666666666,0.3333333333333333,0.48824867323730103,4,2,0.6295236631659121,310.9408610934524,309.3568
45,0.0,0.0,0.6666666666666666,0.6666666666666666,0.40333586050037906,4,2,0.6308732789509398,320.8465569058938,317.2951
46,0.0,0.0,0.0,1.0,0.45792266868840037,4,2,0.6539382340568809,331.7363086866223,335.12378
47,0.0,0.0,0.0,0.0,0.40712661106899173,4,2,0.6792945180265418,328.46561385261606,328.92
48,0.0,1.0,0.0,0.0,0.46095526914329044,4,2,0.6716788561952106,328.39749784906127,329.3122
49,0.0,1.0,1.0,0.3333333333333333,0.6656557998483701,4,2,0.6715202512275501,331.0427956795726,331.1416
50,0.0,0.0,1.0,0.3333333333333333,0.3669446550416984,4,2,0.6776797050264396,332.8143206240873,333.3879
51,0.0,0.0,1.0,1.0,0.3934799090219864,4,2,0.6818046190241991,342.2941883137194,342.97903
52,0.0,0.0,0.3333333333333333,0.0,0.5125094768764217,4,2,0.7038780530172964,341.15837535701337,337.6843
41,0.0,0.0,0.3333333333333333,1.0,0.43290371493555724,4,3,0.5972924938055697,308.67051239380277,304.96896
42,0.0,1.0,0.3333333333333333,1.0,0.5140257771038667,4,3,0.6255868768824975,323.7751374548478,323.78735
43,0.0,0.0,0.6666666666666666,0.6666666666666666,0.4935557240333587,4,3,0.6607572985794274,330.5974006337645,327.985
44,0.0,0.0,0.6666666666666666,0.6666666666666666,0.6459438968915846,4,3,0.6766426232372866,336.99554400738026,336.2505
45,0.0,0.0,0.6666666666666666,0.0,0.5640636846095528,4,3,0.6915404045207048,336.90026347192213,337.4014
46,0.0,0.0,0.0,0.6666666666666666,0.4018195602729341,4,3,0.691318548195372,347.6340624066481,347.73444
47,0.0,0.0,0.0,1.0,0.11296436694465506,4,3,0.7163117031673533,360.01716534539383,354.0925
48,0.0,1.0,0.0,1.0,0.5905989385898408,4,3,0.7451451863231441,377.6995277548386,369.9885
49,0.0,1.0,1.0,0.3333333333333333,0.46095526914329044,4,3,0.7863177503573212,385.99108825610637,384.30142
50,0.0,0.0,1.0,0.0,0.5648218347232753,4,3,0.805624265956128,383.3745195697733,380.251
51,0.0,0.0,1.0,0.3333333333333333,0.5041698256254739,4,3,0.7995317066423155,387.76449935952724,382.57864
52,0.0,0.0,0.3333333333333333,0.6666666666666666,0.38741470811220624,4,3,0.8097535717877694,396.95418120589324,381.38956
41,0.0,0.0,0.3333333333333333,0.6666666666666666,0.7187263078089462,4,4,0.46251147536798465,245.87071117360745,245.6815
42,0.0,1.0,0.3333333333333333,1.0,0.3563305534495831,4,4,0.4793604407762557,259.8281831457386,261.5995
43,0.0,0.0,0.6666666666666666,1.0,0.39651250947687644,4,4,0.511859769498353,273.96542768128035,272.13254
44,0.0,0.0,0.6666666666666666,1.0,0.5140257771038667,4,4,0.5447776903297636,281.80036412037686,283.5491
45,0.0,0.0,0.6666666666666666,0.3333333333333333,0.3828658074298711,4,4,0.5630209778935399,283.44047438882484,283.94562
46,0.0,0.0,0.0,0.0,0.23123578468536765,4,4,0.5668398988887751,278.9433194606487,281.24976
47,0.0,0.0,0.0,0.0,0.4829416224412434,4,4,0.5563684813844575,279.0822263634593,276.53003
48,0.0,1.0,0.0,0.3333333333333333,0.7877179681576952,4,4,0.5566919196908517,280.80145952433287,285.0478
49,0.0,1.0,1.0,0.3333333333333333,0.4025777103866566,4,4,0.5606950746860201,289.7676260024269,286.9095
50,0.0,0.0,1.0,0.0,0.5852918877937832,4,4,0.5815723791384635,289.37023439140063,287.59692
51,0.0,0.0,1.0,0.6666666666666666,0.43214556482183475,4,4,0.5806470711296827,296.51621508134673,295.67636
52,0.0,0.0,0.3333333333333333,0.3333333333333333,0.6990144048521608,4,4,0.5972861570578529,298.82142754660936,296.37488
41,0.0,0.0,0.3333333333333333,1.0,0.5185746777862018,4,5,0.7358094861199252,367.48664447237763,370.89102
42,0.0,1.0,0.3333333333333333,0.0,0.3995451099317665,4,5,0.7625375234179558,365.9810921106658,359.43317
43,0.0,0.0,0.6666666666666666,0.3333333333333333,0.5435936315390448,4,5,0.7590319142926572,369.8339518410894,366.31036
44,0.0,0.0,0.6666666666666666,0.0,0.9196360879454134,4,5,0.7680031201922057,367.2062667787412,364.4358
45,0.0,0.0,0.6666666666666666,1.0,0.38817285822592873,4,5,0.7618846769103628,379.38697300711794,371.54544
46,0.0,0.0,0.0,0.6666666666666666,0.6527672479150873,4,5,0.7902468886757695,386.3504406039181,387.55115
47,0.0,0.0,0.0,0.0,0.309325246398787,4,5,0.8064610012977365,378.99031856893225,378.6296
48,0.0,1.0,0.0,0.0,0.5724033358605004,4,5,0.7893232971398944,379.26618800494816,380.6515
49,0.0,1.0,1.0,0.6666666666666666,0.45943896891584535,4,5,0.7899656463778768,390.7683903518879,384.5148
50,0.0,0.0,1.0,0.3333333333333333,0.6277482941622442,4,5,0.8167479931988245,393.20539550022374,385.5564
51,0.0,0.0,1.0,0.0,0.6603487490523124,4,5,0.822422447109343,391.34413478759205,382.68317
52,0.0,0.0,0.3333333333333333,1.0,0.4450341167551176,4,5,0.8180885875208643,402.50354139833973,387.20898
41,0.0,0.0,0.3333333333333333,0.0,0.34040940106141016,4,6,0.4062281317469814,212.16167080982328,211.38242
42,0.0,1.0,0.3333333333333333,1.0,0.39575435936315395,4,6,0.40087049747731923,230.60433681936377,228.70563
43,0.0,0.0,0.6666666666666666,0.0,0.27748294162244125,4,6,0.44381339332211667,227.10525062788773,229.17291
44,0.0,0.0,0.6666666666666666,1.0,0.6269901440485217,4,6,0.4356659327654492,241.41839389797437,238.91933
45,0.0,0.0,0.6666666666666666,0.6666666666666666,0.5344958301743745,4,6,0.46899342567461055,242.61495354600473,247.20601
46,0.0,0.0,0.0,0.6666666666666666,0.5458680818802123,4,6,0.4717795595400113,247.5580059433206,248.111
47,0.0,0.0,0.0,0.3333333333333333,0.7649734647460199,4,6,0.4832892287030002,247.70006864904047,248.86827
48,0.0,1.0,0.0,0.3333333333333333,0.30477634571645196,4,6,0.4836200151506864,255.9426709129945,257.4225
49,0.0,1.0,1.0,1.0,0.33282789992418504,4,6,0.5028125337555325,271.01625840114224,273.24023
50,0.0,0.0,1.0,0.6666666666666666,0.4366944655041699,4,6,0.5379106858977508,279.68074435122327,274.6414
51,0.0,0.0,1.0,1.0,0.24109173616376045,4,6,0.5580855411768391,292.4715803181258,290.15027
52,0.0,0.0,0.3333333333333333,1.0,0.6322971948445794,4,6,0.5878684118534778,302.28270533439047,301.1881
41,0.0,0.0,0.3333333333333333,0.6666666666666666,0.5284306292645944,4,7,0.599498598001495,305.9109195334564,301.02975
42,0.0,1.0,0.3333333333333333,0.6666666666666666,0.48749052312357855,4,7,0.6191612923864926,316.33017190162485,315.28568
43,0.0,0.0,0.6666666666666666,0.0,0.24791508718726307,4,7,0.6434220402087141,316.8388011913134,314.4237
44,0.0,0.0,0.6666666666666666,0.6666666666666666,0.030326004548900665,4,7,0.6446063600136386,326.31179852308725,324.12402
45,0.0,0.0,0.6666666666666666,0.0,0.593631539044731,4,7,0.666663796695839,323.0800334238972,321.87555
46,0.0,0.0,0.0,0.3333333333333333,0.7096285064442761,4,7,0.6591387809536693,325.48895172992087,321.31494
47,0.0,0.0,0.0,1.0,0.4457922668688401,4,7,0.6647478359493346,334.83620892133035,339.93246
48,0.0,1.0,0.0,0.0,0.5746777862016681,4,7,0.6865124925232587,334.3851057069082,327.85922
49,0.0,1.0,1.0,0.3333333333333333,0.47687642153146326,4,7,0.6854621195271765,341.604919983468,333.5952
50,0.0,0.0,1.0,0.6666666666666666,0.5883244882486733,4,7,0.7022731235510364,348.67415740429965,345.1553
51,0.0,0.0,1.0,1.0,0.34874905231235787,4,7,0.7187335163222267,360.6587297192937,368.22006
52,0.0,0.0,0.3333333333333333,0.0,0.26990144048521614,4,7,0.7466390393307224,358.10825180638363,365.1651
41,0.0,0.0,0.3333333333333333,1.0,0.45034116755117526,4,8,0.716679006974518,360.03031018561103,358.39078
42,0.0,1.0,0.3333333333333333,1.0,0.5291887793783169,4,8,0.7451757934763643,374.4745886611573,376.47046
43,0.0,0.0,0.6666666666666666,1.0,0.5360121304018196,4,8,0.7788086286536515,386.4339193585464,386.88913
44,0.0,0.0,0.6666666666666666,1.0,0.36921910538286584,4,8,0.8066553777215898,400.2767263294227,395.60147
45,0.0,0.0,0.6666666666666666,0.6666666666666666,0.329795299469295,4,8,0.8388877142852115,405.51373712837466,389.37912
46,0.0,0.0,0.0,0.3333333333333333,0.5094768764215315,4,8,0.8510818520070104,409.40413907507065,386.88495
47,0.0,0.0,0.0,1.0,0.4078847611827142,4,8,0.8601404732228877,418.08369611250305,398.55704
48,0.0,1.0,0.0,0.3333333333333333,0.6262319939347992,4,8,0.8803504208326652,425.0590999666445,389.00165
49,0.0,1.0,1.0,0.3333333333333333,0.353297952994693,4,8,0.8965923264784563,431.81827242481063,388.83072
50,0.0,0.0,1.0,0.0,0.4738438210765733,4,8,0.9123307473075218,430.2782982120563,382.2133
51,0.0,0.0,1.0,0.0,0.5382865807429872,4,8,0.9087449884921871,422.64160037519673,381.57
52,0.0,0.0,0.3333333333333333,0.3333333333333333,0.46626231993934797,4,8,0.8909632903560931,427.0615028711629,388.39386
41,0.0,0.0,0.3333333333333333,0.3333333333333333,0.863532979529947,4,9,0.6505756338852936,322.120500560998,314.00696
42,0.0,1.0,0.3333333333333333,1.0,0.19029567854435175,4,9,0.6569045530080011,340.7986828213286,339.3477
43,0.0,0.0,0.6666666666666666,0.6666666666666666,0.26686884003032607,4,9,0.700395837563097,349.46711620284714,347.58948
44,0.0,0.0,0.6666666666666666,0.6666666666666666,0.43214556482183475,4,9,0.720579884253936,354.85269461085534,358.6
45,0.0,0.0,0.6666666666666666,0.3333333333333333,0.5587566338134952,4,9,0.7331199547903459,357.7294273031369,368.36926
46,0.0,0.0,0.0,0.6666666666666666,0.4366944655041699,4,9,0.7398182939737409,364.1121193675136,374.76266
47,0.0,0.0,0.0,1.0,0.6209249431387416,4,9,0.7546800975973685,378.2629481379365,378.3056
48,0.0,1.0,0.0,0.3333333333333333,0.3252463987869598,4,9,0.7876296486921766,385.5746101802488,391.4233
49,0.0,1.0,1.0,0.3333333333333333,0.40561031084154675,4,9,0.8046545159956862,392.82954356476847,388.86667
50,0.0,0.0,1.0,1.0,0.47839272175890823,4,9,0.8215472932401044,406.73976269127127,388.66153
51,0.0,0.0,1.0,0.3333333333333333,0.3457164518574678,4,9,0.8539365958940001,406.7931937582269,388.77786
52,0.0,0.0,0.3333333333333333,0.3333333333333333,0.5701288855193329,4,9,0.8540610076651596,410.4887520614316,387.32602
41,0.0,0.0,0.3333333333333333,0.0,0.22820318423047758,4,10,0.5860136570768109,285.55382859858923,289.05835
42,0.0,1.0,0.3333333333333333,0.0,0.4526156178923427,4,10,0.5717607465398755,287.75637205095757,283.1408
43,0.0,0.0,0.6666666666666666,1.0,0.4162244124336618,4,10,0.5768892672222847,300.97395450172235,297.79495
44,0.0,0.0,0.6666666666666666,0.0,0.5178165276724793,4,10,0.6076657973730553,301.34986293483695,296.67374
45,0.0,0.0,0.6666666666666666,0.6666666666666666,0.33965125094768767,4,10,0.6085410827944836,308.5338661935958,307.10135
46,0.0,0.0,0.0,1.0,0.40561031084154675,4,10,0.6252687025176829,319.88203797682814,321.3617
47,0.0,0.0,0.0,1.0,0.5140257771038667,4,10,0.6516923962864754,333.1119529600928,329.13773
48,0.0,1.0,0.0,0.6666666666666666,0.6739954510993177,4,10,0.6824976421694708,345.89147151395315,337.73154
49,0.0,1.0,1.0,0.6666666666666666,0.5443517816527673,4,10,0.7122541607726484,357.5200074007719,353.22653
50,0.0,0.0,1.0,0.6666666666666666,0.7126611068991661,4,10,0.7393306694052302,365.0271030277836,373.782
51,0.0,0.0,1.0,0.6666666666666666,0.5329795299469295,4,10,0.7568105947826638,370.72084404458326,370.46237
52,0.0,0.0,0.3333333333333333,0.3333333333333333,0.47687642153146326,4,10,0.7700682077180818,373.68220447314485,370.19052
41,0.0,0.0,0.3333333333333333,1.0,0.39727065959059893,5,1,0.659471696510899,340.5897737628932,334.6984
42,0.0,1.0,0.3333333333333333,0.6666666666666666,0.5307050796057621,5,1,0.6999094024710779,351.1902050720278,348.37317
43,0.0,0.0,0.6666666666666666,1.0,0.5678544351781653,5,1,0.7245920170877833,362.7783786329766,355.107
44,0.0,0.0,0.6666666666666666,1.0,0.42228961334344195,5,1,0.7515745439091134,375.5961257013749,370.2163
45,0.0,0.0,0.6666666666666666,0.0,0.23047763457164516,5,1,0.7814200758424273,375.1777997242369,376.06573
46,0.0,0.0,0.0,0.3333333333333333,0.3805913570887036,5,1,0.7804460231292178,374.76748778568594,380.76456
47,0.0,0.0,0.0,0.0,0.42077331311599697,5,1,0.77949063073465,370.0882536952085,379.11694
48,0.0,1.0,0.0,0.0,0.4821834723275209,5,1,0.7685952503120553,368.710659665048,360.23172
49,0.0,1.0,1.0,0.0,0.4283548142532221,5,1,0.7653875862507427,369.8471189591492,359.27603
50,0.0,0.0,1.0,1.0,0.27672479150871876,5,1,0.7680337792183534,384.50913604567626,365.6917
51,0.0,0.0,1.0,1.0,0.419257012888552,5,1,0.8021736086928806,396.9859690875124,385.12784
52,0.0,0.0,0.3333333333333333,1.0,0.6747536012130402,5,1,0.8312253380638581,409.60003252948917,387.20264
41,0.0,0.0,0.3333333333333333,0.6666666666666666,0.5011372251705839,5,2,0.43544027325623724,236.51116682020552,233.75
42,0.0,1.0,0.3333333333333333,0.0,0.8051554207733133,5,2,0.45756717411323733,236.96844729998338,235.38963
43,0.0,0.0,0.6666666666666666,1.0,0.8089461713419258,5,2,0.45863193058634166,245.85266251976833,246.56602
44,0.0,0.0,0.6666666666666666,0.0,0.4548900682335103,5,2,0.47931841531954833,241.22779725951568,241.56807
45,0.0,0.0,0.6666666666666666,0.3333333333333333,0.5481425322213799,5,2,0.4685496302065657,240.16756582815418,242.90009
46,0.0,0.0,0.0,0.3333333333333333,0.42456406368460964,5,2,0.4660809302960004,243.36811845049243,243.01404
47,0.0,0.0,0.0,0.6666666666666666,0.6065200909780137,5,2,0.47353326922768013,247.93091464012076,249.11862
48,0.0,1.0,0.0,0.3333333333333333,0.5943896891584535,5,2,0.48415752937699297,254.28669360500874,253.91798
49,0.0,1.0,1.0,0.6666666666666666,0.4275966641394996,5,2,0.49895666709171105,262.7299345653497,264.41602
50,0.0,0.0,1.0,0.0,0.38741470811220624,5,2,0.5186163636325954,258.7067594074287,259.74832
51,0.0,0.0,1.0,0.3333333333333333,0.2896133434420015,5,2,0.5092485861278353,261.56442522284203,260.64337
52,0.0,0.0,0.3333333333333333,0.3333333333333333,0.4078847611827142,5,2,0.5159025289692364,262.3330302261829,263.14227
41,0.0,0.0,0.3333333333333333,0.0,0.5094768764215315,5,3,0.6841658776390761,330.62274395549247,328.08298
42,0.0,1.0,0.3333333333333333,0.3333333333333333,0.4366944655041699,5,3,0.6767016339911962,334.59635006570386,333.10797
43,0.0,0.0,0.6666666666666666,0.0,0.16679302501895377,5,3,0.6859539922582053,332.86440923839723,328.35376
44,0.0,0.0,0.6666666666666666,0.0,0.6770280515542079,5,3,0.6819212480487777,328.06562377811787,327.21854
45,0.0,0.0,0.6666666666666666,0.3333333333333333,0.532221379833207,5,3,0.6707474977842713,330.52967501398774,325.79724
46,0.0,0.0,0.0,0.3333333333333333,0.20697498104624718,5,3,0.6764849272602195,331.7071256720014,332.9632
47,0.0,0.0,0.0,1.0,0.22289613343442005,5,3,0.6792265667251055,342.87523000612526,342.7857
48,0.0,1.0,0.0,1.0,0.3373768006065201,5,3,0.7052309817568595,357.6846296209971,353.5953
49,0.0,1.0,1.0,0.6666666666666666,0.3745261561789235,5,3,0.7397139846403059,368.4773683803367,363.3572
50,0.0,0.0,1.0,0.0,0.49658832448824874,5,3,0.7648443782711765,363.6158067556787,362.02533
51,0.0,0.0,1.0,1.0,0.44124336618650495,5,3,0.7535244566078575,372.7349134184672,365.51218
52,0.0,0.0,0.3333333333333333,0.6666666666666666,0.5579984836997727,5,3,0.7747578752152947,380.43531383528614,386.019
41,0.0,0.0,0.3333333333333333,1.0,0.36846095526914335,5,4,0.4991340189535258,268.27394238872654,268.68082
42,0.0,1.0,0.3333333333333333,0.6666666666666666,0.44200151630022755,5,4,0.531525329744049,279.3453536996851,278.19186
43,0.0,0.0,0.6666666666666666,1.0,0.5155420773313116,5,4,0.5573045995380939,292.81381375105724,288.1501
44,0.0,0.0,0.6666666666666666,0.6666666666666666,0.6497346474601972,5,4,0.5886652865925952,301.1751282733342,296.72916
45,0.0,0.0,0.6666666666666666,0.6666666666666666,0.1645185746777862,5,4,0.6081342212070371,309.58303206715954,306.7537
46,0.0,0.0,0.0,0.3333333333333333,0.4905231235784686,5,4,0.6277116367880892,312.358716168481,309.5492
47,0.0,0.0,0.0,0.6666666666666666,0.7338893100833966,5,4,0.6341746889953702,316.8924945393749,316.5896
48,0.0,1.0,0.0,0.3333333333333333,0.683093252463988,5,4,0.6447313824942372,319.6323134908902,315.87442
49,0.0,1.0,1.0,0.6666666666666666,0.7528430629264596,5,4,0.6511109243569841,331.53127188915005,322.03714
50,0.0,0.0,1.0,0.0,0.13722517058377565,5,4,0.6788170993152965,333.0472137693776,328.80295
51,0.0,0.0,1.0,0.6666666666666666,0.24033358605003796,5,4,0.6823468999545156,338.44953197830796,338.79483
52,0.0,0.0,0.3333333333333333,1.0,0.5815011372251707,5,4,0.6949259483440781,350.13234818636795,349.80423
41,0.0,0.0,0.3333333333333333,0.6666666666666666,0.27748294162244125,5,5,0.601397994434843,305.2869645290418,308.1437
42,0.0,1.0,0.3333333333333333,1.0,0.36846095526914335,5,5,0.6177084419822965,323.731968324379,322.34967
43,0.0,0.0,0.6666666666666666,0.6666666666666666,0.4981046247156937,5,5,0.6606567812533275,329.7921887404485,327.99933
44,0.0,0.0,0.6666666666666666,1.0,0.5109931766489765,5,5,0.6747677245404403,340.86472688059166,341.9911
45,0.0,0.0,0.6666666666666666,1.0,0.6277482941622442,5,5,0.7005496181041876,352.42704355599113,350.16293
46,0.0,0.0,0.0,0.3333333333333333,0.48673237300985606,5,5,0.7274719383619742,354.01956295496257,353.5664
47,0.0,0.0,0.0,0.3333333333333333,0.32827899924185,5,5,0.7311800462160921,354.21287767285924,367.96005
48,0.0,1.0,0.0,0.6666666666666666,0.5185746777862018,5,5,0.7316301706065468,365.41222228812984,369.78445
49,0.0,1.0,1.0,1.0,0.3275208491281274,5,5,0.7577073271898069,382.929524369731,372.11777
50,0.0,0.0,1.0,1.0,0.6004548900682336,5,5,0.7984955558755572,395.8972998704926,381.05316
51,0.0,0.0,1.0,0.6666666666666666,0.5231235784685367,5,5,0.8286904220830702,401.7471568713152,382.24237
52,0.0,0.0,0.3333333333333333,1.0,0.489764973464746,5,5,0.8423115438755123,412.7131638071419,387.01724
41,0.0,0.0,0.3333333333333333,0.6666666666666666,0.6209249431387416,5,6,0.6128066702601026,308.48862704880065,307.43134
42,0.0,1.0,0.3333333333333333,0.3333333333333333,0.42153146322971946,5,6,0.6251633652588483,309.8704879489802,312.24396
43,0.0,0.0,0.6666666666666666,0.6666666666666666,0.3472327520849129,5,6,0.6283809645298924,321.1357568000953,314.26706
44,0.0,0.0,0.6666666666666666,0.0,0.5579984836997727,5,6,0.6546116226509484,320.6118105571818,320.28497
45,0.0,0.0,0.6666666666666666,0.3333333333333333,0.4814253222137984,5,6,0.6533916380280057,324.63680944143556,322.6824
46,0.0,0.0,0.0,0.0,0.9385898407884762,5,6,0.6627636619952847,320.34322052353593,321.80157
47,0.0,0.0,0.0,1.0,0.4814253222137984,5,6,0.6527662385421701,333.54354691142623,335.99448
48,0.0,1.0,0.0,1.0,0.4116755117513269,5,6,0.6835025887476808,350.1791077266687,346.3262
49,0.0,1.0,1.0,0.0,0.4981046247156937,5,6,0.7222377236267269,349.9497926124229,349.73618
50,0.0,0.0,1.0,0.3333333333333333,0.1258529188779378,5,6,0.7217037739764106,352.8931593791799,355.17377
51,0.0,0.0,1.0,0.3333333333333333,0.5481425322213799,5,6,0.7285572675240625,356.96282504780487,353.8534
52,0.0,0.0,0.3333333333333333,0.3333333333333333,0.5564821834723276,5,6,0.7380332960353689,357.9579623052419,370.02667
41,0.0,0.0,0.3333333333333333,0.0,0.2615617892342684,5,7,0.632540152246746,309.12376552931227,311.46384
42,0.0,1.0,0.3333333333333333,0.6666666666666666,0.5276724791508719,5,7,0.626642255870516,320.60144919758807,316.70218
43,0.0,0.0,0.6666666666666666,0.6666666666666666,0.3707354056103108,5,7,0.6533675120808344,326.5990113897916,328.7452
44,0.0,0.0,0.6666666666666666,0.0,0.4291129643669448,5,7,0.6673325585881701,326.7618522651679,323.0565
45,0.0,0.0,0.6666666666666666,0.3333333333333333,0.263836239575436,5,7,0.6677117260440543,332.03345224087127,327.82758
46,0.0,0.0,0.0,0.6666666666666666,0.5413191811978773,5,7,0.6799864030660727,339.9849431449025,337.26355
47,0.0,0.0,0.0,1.0,0.3464746019711903,5,7,0.6985010823172194,353.11652608641725,353.4236
48,0.0,1.0,0.0,0.0,0.4548900682335103,5,7,0.7290773665834461,356.1101452283855,349.26248
49,0.0,1.0,1.0,0.3333333333333333,0.6186504927975741,5,7,0.7360478704653702,362.07197064996046,372.0165
50,0.0,0.0,1.0,0.6666666666666666,0.45868081880212286,5,7,0.7499297055531564,369.5106576902977,371.96564
51,0.0,0.0,1.0,0.3333333333333333,0.12661106899166036,5,7,0.7672503446966511,372.16810127909457,372.04938
52,0.0,0.0,0.3333333333333333,0.0,0.6322971948445794,5,7,0.7734380793326356,368.85966416789955,383.6355
41,0.0,0.0,0.3333333333333333,0.0,0.2714177407126611,5,8,0.6752080562163786,326.66319874256646,328.3389
42,0.0,1.0,0.3333333333333333,0.0,0.34950720242608047,5,8,0.6674820158739735,328.2220482400243,322.92026
43,0.0,0.0,0.6666666666666666,0.3333333333333333,0.48673237300985606,5,8,0.6711117249177971,330.4328591083324,331.4574
44,0.0,0.0,0.6666666666666666,1.0,0.6125852918877939,5,8,0.6762594958963091,339.42258147951355,342.13412
45,0.0,0.0,0.6666666666666666,0.3333333333333333,0.36770280515542086,5,8,0.697191649157642,343.8872633046065,341.17188
46,0.0,0.0,0.0,0.6666666666666666,0.6451857467778621,5,8,0.7075874545415244,347.7594557176126,350.89886
47,0.0,0.0,0.0,1.0,0.533737680060652,5,8,0.7166036756993936,360.10675956440605,357.2382
48,0.0,1.0,0.0,0.0,0.36921910538286584,5,8,0.7453538023233117,359.4515247159685,364.65347
49,0.0,1.0,1.0,0.6666666666666666,0.3843821076573162,5,8,0.7438281182472796,370.7242140498685,374.4531
50,0.0,0.0,1.0,0.0,0.6429112964366945,5,8,0.7700760546197112,365.36603378263845,366.64984
51,0.0,0.0,1.0,1.0,0.3745261561789235,5,8,0.7575997793884469,378.29010999897093,382.40768
52,0.0,0.0,0.3333333333333333,0.6666666666666666,0.4912812736921911,5,8,0.7876928938308538,389.1193299241424,388.75137
41,0.0,0.0,0.3333333333333333,1.0,0.43896891584533737,5,9,0.6520889220102941,330.11328314937003,329.99152
42,0.0,1.0,0.3333333333333333,0.0,0.755117513267627,5,9,0.6755153780386672,331.4254444536679,327.0402
43,0.0,0.0,0.6666666666666666,0.0,0.5398028809704322,5,9,0.6785706850204717,325.684292344437,327.23544
44,0.0,0.0,0.6666666666666666,1.0,0.5739196360879454,5,9,0.6652026775464814,337.51567775400565,336.7169
45,0.0,0.0,0.6666666666666666,0.0,0.6474601971190297,5,9,0.6927515119221587,336.80987302098123,335.80954
46,0.0,0.0,0.0,1.0,0.5481425322213799,5,9,0.6911080782059403,349.37552058583987,352.22916
47,0.0,0.0,0.0,0.0,0.4746019711902958,5,9,0.7203666080909915,349.9907329129508,348.70947
48,0.0,1.0,0.0,0.0,0.40409401061410166,5,9,0.7217991015749539,352.7977347717096,349.22186
49,0.0,1.0,1.0,0.0,0.6353297952994693,5,9,0.7283350757337048,352.0013668235412,349.98163
50,0.0,0.0,1.0,0.6666666666666666,0.5799848369977255,5,9,0.7264807697545889,358.3562610706896,355.53214
51,0.0,0.0,1.0,0.3333333333333333,0.14556482183472325,5,9,0.7412778474449196,361.348386198463,372.05487
52,0.0,0.0,0.3333333333333333,0.3333333333333333,0.7778620166793025,5,9,0.7482448725838072,362.1371381482475,370.7586
41,0.0,0.0,0.3333333333333333,0.0,0.6770280515542079,5,10,0.7135417352146062,343.73362973980386,342.964
42,0.0,1.0,0.3333333333333333,0.3333333333333333,0.7376800606520092,5,10,0.7072297258829795,346.5461403159374,346.12793
43,0.0,0.0,0.6666666666666666,1.0,0.29643669446550425,5,10,0.7137785268356626,356.96803763340483,357.00058
44,0.0,0.0,0.6666666666666666,0.6666666666666666,0.37831690674753604,5,10,0.7380454333001433,365.3266142522404,374.62485
45,0.0,0.0,0.6666666666666666,0.3333333333333333,0.33282789992418504,5,10,0.7575079928328992,370.2220753800541,372.12088
46,0.0,0.0,0.0,1.0,0.28430629264594387,5,10,0.7689068479233295,381.27695530897046,382.523
47,0.0,0.0,0.0,0.6666666666666666,0.42304776345716466,5,10,0.7946476251579558,386.845229360042,397.35623
48,0.0,1.0,0.0,0.0,0.4116755117513269,5,10,0.8076130940596189,383.6656406145302,386.9095
49,0.0,1.0,1.0,0.6666666666666666,0.7672479150871873,5,10,0.8002095685467039,395.1657945506936,387.4962
50,0.0,0.0,1.0,0.0,0.4116755117513269,5,10,0.8269871457377851,390.2019153976237,387.76508
51,0.0,0.0,1.0,1.0,0.5648218347232753,5,10,0.8154289824361143,404.0503124689119,386.74823
52,0.0,0.0,0.3333333333333333,0.3333333333333333,0.37907505686125864,5,10,0.8476743352903107,406.6896198480426,391.29868
